{"object": {"floor": 0.3754248366013072, "shelf": 0.9303530936183998, "slidingdoor": 3.128540305010893, "wall": 0.5205727750589089, "product": 1.0928462709284628, "robot": 2.7509578544061304, "human": 1.6884185773074663, "dockstation": 4.49452269170579, "conveyorbelt": 1.078078078078078}, "predicate": {"behind": 2.7256198347107436, "charges": 74.95454545454545, "with": 5.484478935698448, "in_front_of": 2.7256198347107436, "connected_to": 74.95454545454545, "attach_to": 2.828473413379074, "has": 0.22576670317634173, "beside": 2.091754756871036, "next_to": 2.793337097684924, "in_hands_of": 56.21590909090909, "on": 0.2262209621364551}}