{
	"anchor_scales_kmeans": [1.074348444,1.332569555,1.860062312,1.867034798,2.601630185,2.61915544,2.635358081,3.632965191,3.772913329,4.185084708,4.578809073,5.106424351,5.636121853,6.724059215,7.001891013,7.299476951,8.520261137,10.3155785,10.34491412,11.65068972,13.72798433,15.16934357,16.79822623,20.9831304,23.85327549],
	"anchor_ratios_kmeans": [2.526570953,1.022359563,0.6827652989,1.551973724,0.4053836045,2.911219775,1.063109307,0.7191347682,1.591484549,0.2730603029,4.751863815,0.824632774,1.85784166,0.3998066805,0.1083268021,0.9884895367,2.637100874,1.171978668,0.5254053494,0.1989447812,1.949224482,0.7955921902,0.3553964567,1.262354391,0.6279181028],
	"anchor_scales_kmeans_region": [3.435061728,4.755043512,4.882359177,6.28896898,6.42708147,6.546607784,7.959397859,8.670574595,8.971576098,9.866159179,10.08022457,10.52658902,12.73000215,13.63307345,13.75079822,14.35611886,16.58069802,17.83428944,18.90590231,21.00433999,23.87756783,25.72461553,28.39591634,33.93532986,38.39803043],
	"anchor_ratios_kmeans_region": [1.003432589,1.328155045,0.7230263509,1.063583352,2.183715599,0.489798906,0.8376580867,1.579480757,0.2712324018,0.5387214502,3.450559633,0.9864273093,1.58516094,0.3683742425,0.775902484,0.1386197008,2.644178407,1.148303031,0.5638980681,0.2339786954,1.654322858,0.8001958835,0.3877382006,1.164461733,0.6456234514]
}
